{"train_loss": 0.4816008938683404, "train_acc": 0.962383117769661, "train_ious": 0.8540544664341803, "train_dice": 0.9095306992530823, "train_hausdorff_distance": 13.964634997783094, "valid_loss": 0.4322700798511505, "valid_acc": 0.9600739317170088, "valid_ious": 0.874580416498569, "valid_dice": 0.9242474834124247, "valid_hausdorff_distance": 12.243350153805332, "learning_rate": 0.0001, "_timestamp": 1716990004.7371778, "_runtime": 839.4286088943481, "_step": 32}